Age,Overall,Potential,Value,Wage,International Reputation,Weak Foot,Jersey Number,Height,Weight,ShortPassing,Volleys,Dribbling,BallControl,Acceleration,SprintSpeed,Stamina,Strength,Positioning,Composure,DefensiveAwareness
26,88,89,107500000,250000,3,3,18,179,69,91,87,83,87,77,73,91,70,87,87,72
26,87,88,93000000,140000,4,4,8,189,82,86,69,84,87,78,83,88,88,85,82,74
34,88,88,44500000,135000,5,4,9,182,83,83,90,83,86,76,69,78,85,91,87,42
30,91,91,125500000,350000,4,5,17,181,70,94,82,88,91,76,76,89,74,88,89,68
29,84,84,37000000,45000,2,3,19,172,69,82,68,87,88,77,76,90,80,81,87,80
26,89,90,108000000,160000,4,4,6,177,75,87,69,83,85,77,65,94,68,80,85,85
32,83,83,28500000,61000,3,4,15,183,80,82,75,82,83,73,71,91,82,83,81,80
30,84,84,40500000,115000,3,4,18,175,74,87,73,85,88,78,76,93,74,79,86,79
27,82,83,35000000,72000,3,4,23,186,86,83,71,82,79,67,87,88,86,76,79,81
30,85,85,53000000,220000,4,3,8,176,73,84,86,85,89,80,80,86,63,89,90,43
35,87,87,32000000,190000,4,4,10,172,66,91,76,85,90,76,70,83,58,78,92,70
26,86,89,88000000,95000,3,4,14,184,74,86,64,82,84,86,90,90,79,87,83,79
35,88,88,24000000,115000,4,3,4,184,82,82,69,65,83,71,69,78,84,73,88,84
29,84,84,35500000,195000,4,4,4,180,78,85,67,77,84,78,77,75,76,73,85,86
25,83,87,50000000,47000,1,3,8,189,83,84,58,83,84,73,75,84,79,78,80,80
24,84,89,63500000,120000,3,3,23,172,68,86,75,83,87,80,76,95,69,83,85,74
28,82,82,27500000,130000,3,2,27,181,71,82,62,77,80,81,84,85,65,75,77,77
24,87,92,119500000,210000,3,3,21,180,74,91,70,88,89,80,82,90,74,77,90,76
27,84,85,48000000,110000,3,4,18,178,76,84,82,79,82,75,81,85,76,83,80,71
33,83,83,19000000,95000,3,3,11,179,72,81,70,90,85,91,89,78,66,75,74,75
29,85,85,52500000,90000,3,4,6,176,75,86,56,80,83,72,69,93,75,83,86,82
27,86,87,71500000,185000,3,4,27,182,74,85,62,85,85,86,84,90,62,80,85,79
27,84,84,40500000,110000,2,2,12,178,74,81,68,78,84,81,77,86,69,73,81,78
28,84,84,42500000,52000,3,2,10,184,82,80,70,85,82,89,88,90,77,79,80,69
22,87,92,114000000,150000,3,4,66,180,69,86,62,78,86,77,80,88,63,77,81,80
26,85,87,66000000,100000,3,5,21,191,76,85,74,84,86,66,70,91,87,79,84,78
34,81,81,12000000,105000,4,4,22,180,75,81,78,76,83,66,65,78,80,78,80,80
28,87,87,79500000,220000,4,4,6,191,84,88,84,88,90,63,77,77,89,80,88,59
29,89,89,88000000,310000,3,3,14,185,84,84,62,69,79,60,69,89,90,75,84,85
34,93,93,78000000,320000,5,4,30,170,72,91,88,96,96,91,80,72,69,93,96,20
23,80,86,33000000,38000,3,4,18,176,70,81,68,84,83,86,83,87,83,74,83,73
26,83,83,39500000,46000,2,3,5,188,84,80,81,85,84,80,82,91,81,84,82,58
32,86,86,47000000,200000,3,3,18,170,68,85,60,81,85,87,86,87,61,83,80,74
32,92,92,119500000,270000,5,4,9,185,81,85,89,85,88,77,79,76,86,95,88,35
29,89,89,101000000,270000,4,3,11,175,71,84,81,90,89,89,91,85,75,91,90,38
24,83,86,46000000,77000,2,3,3,175,69,81,63,84,84,85,73,85,60,79,81,77
36,91,91,45000000,270000,5,4,7,187,83,80,86,88,88,85,88,77,77,95,95,24
30,83,83,34500000,38000,2,3,10,176,65,84,67,82,83,85,82,80,71,85,80,64
27,90,90,129500000,240000,4,5,10,188,89,85,88,83,85,65,74,83,85,94,91,50
28,84,84,37000000,130000,3,4,77,181,68,85,65,76,84,70,68,94,67,70,82,77
28,87,87,79500000,155000,3,4,6,165,60,90,64,91,92,68,60,76,54,78,94,78
26,82,85,39500000,68000,3,4,17,184,75,84,76,80,82,69,72,86,77,80,81,77
30,86,86,65000000,180000,3,3,6,174,70,90,82,90,92,72,55,74,59,75,88,67
28,82,83,29500000,66000,2,3,17,177,67,85,72,76,82,84,72,85,79,69,82,79
31,84,84,29500000,140000,3,3,14,182,80,85,71,78,83,67,66,86,78,78,82,79
30,85,85,51500000,185000,3,4,8,180,80,88,75,86,89,66,65,74,73,82,87,76
33,80,80,13000000,29000,3,3,4,176,65,82,87,70,79,70,71,69,84,81,83,69
29,81,81,22000000,34000,2,4,18,182,79,76,67,73,75,77,74,87,77,75,78,85
23,81,85,37000000,65000,2,3,10,180,72,82,71,86,84,73,76,84,75,81,86,69
24,84,86,49500000,51000,3,4,79,183,88,83,60,78,84,76,79,94,86,74,84,85
28,81,81,26500000,68000,3,4,18,181,79,85,70,83,85,73,74,81,79,77,75,55
31,85,85,39000000,170000,3,2,2,183,83,79,57,79,81,89,94,86,80,68,75,77
26,83,83,36000000,65000,3,3,8,183,76,80,71,80,82,79,84,89,76,86,77,75
29,89,89,101000000,270000,4,4,10,175,69,84,75,90,88,93,90,85,72,90,84,42
25,81,86,38000000,61000,2,3,7,186,77,86,69,78,83,77,79,88,74,78,82,70
32,80,80,16500000,42000,2,3,18,181,74,80,69,77,80,73,75,87,73,76,77,76
22,85,88,69500000,100000,2,4,2,181,73,81,60,84,83,95,95,91,73,78,80,75
24,84,87,57000000,125000,2,5,8,176,72,89,78,79,85,67,59,81,69,80,86,70
27,84,84,40500000,130000,3,4,21,175,70,82,59,81,83,82,83,84,69,77,81,80
23,84,90,62500000,51000,3,3,19,184,81,78,66,83,79,92,94,90,79,80,80,74
25,82,85,37000000,18000,3,2,3,171,69,83,61,83,83,86,87,90,63,77,83,71
32,83,83,28500000,33000,2,4,5,186,86,85,77,82,81,73,70,85,80,74,82,75
29,91,91,129000000,270000,5,5,10,175,68,86,86,95,95,93,89,81,53,86,93,35
30,84,84,36500000,74000,2,4,23,173,69,81,58,74,82,74,73,87,64,76,77,79
24,78,84,22000000,17000,1,4,11,167,65,79,72,81,78,86,83,93,44,79,82,64
29,85,85,54000000,185000,3,4,9,181,76,84,83,89,90,77,77,87,74,82,88,55
27,82,83,35000000,68000,1,3,5,180,70,85,70,81,85,81,76,86,81,78,80,68
30,90,90,100000000,230000,4,3,7,168,70,82,56,79,81,82,75,97,72,72,84,90
30,81,81,22000000,58000,3,4,25,173,67,83,85,75,85,79,74,82,50,69,81,76
31,82,82,22000000,35000,2,3,17,181,80,80,63,72,79,81,84,85,79,62,78,80
31,82,82,25000000,170000,4,3,18,185,82,80,85,80,83,80,83,61,76,82,85,50
29,82,82,30000000,51000,1,4,7,167,66,77,74,78,80,89,90,88,74,83,77,55
33,87,87,49500000,160000,4,2,11,180,69,84,78,88,87,83,83,78,62,84,86,41
30,81,81,24500000,24000,1,2,10,182,70,82,73,81,83,75,77,85,70,82,85,69
35,84,84,13000000,30000,2,2,16,172,60,83,75,84,83,90,84,82,39,81,82,82
22,83,89,58000000,160000,1,4,15,182,78,85,70,79,82,82,90,86,79,76,82,79
27,84,84,40500000,79000,3,2,13,170,71,88,79,88,87,84,67,79,50,79,86,79
27,81,83,28000000,81000,2,4,8,180,75,84,71,79,81,67,66,79,77,76,84,79
22,91,95,194000000,230000,4,4,7,182,73,85,83,93,91,97,97,88,77,92,88,26
25,81,85,35500000,95000,1,3,18,177,68,84,69,83,85,76,75,76,70,76,80,64
35,78,78,4300000,55000,3,3,11,187,81,78,64,76,76,62,63,67,73,67,83,76
28,81,81,22500000,120000,3,4,17,169,62,82,65,79,80,81,74,93,52,70,79,74
24,81,88,51500000,39000,2,4,10,180,76,85,66,80,81,75,80,85,70,78,76,67
24,82,87,46000000,89000,2,4,8,180,80,88,82,76,82,64,54,79,67,65,84,76
27,82,83,35500000,61000,2,4,94,190,80,84,76,83,84,84,76,82,75,86,77,45
28,82,82,30500000,22000,3,5,17,173,66,82,74,85,84,86,81,88,39,79,87,75
32,86,86,53500000,64000,2,4,5,182,74,92,72,82,86,52,49,78,70,82,85,70
26,80,81,24500000,78000,3,3,24,181,81,82,60,76,82,69,64,77,76,79,75,75
32,83,83,24000000,72000,3,4,28,186,81,90,77,78,81,60,61,76,82,73,90,82
34,80,80,10500000,36000,2,3,22,184,83,83,73,80,85,45,37,75,86,85,85,44
27,86,88,73500000,165000,3,2,3,188,78,84,47,78,81,65,68,88,81,70,84,86
27,87,88,83500000,175000,3,2,26,178,64,82,32,81,83,83,85,95,65,77,83,83
28,83,83,36500000,115000,2,3,5,185,77,87,56,84,83,63,74,83,84,70,86,80
24,76,83,15000000,11000,1,4,5,175,70,75,59,77,80,87,84,86,60,69,67,57
24,77,82,16000000,1000,1,4,17,189,84,76,72,77,77,77,79,90,85,75,77,71
23,81,86,36500000,49000,1,3,12,173,70,77,59,81,81,85,83,84,70,76,79,76
27,81,82,26500000,66000,2,2,27,184,74,82,84,78,82,65,65,78,73,76,79,78
23,80,84,30000000,41000,2,3,4,175,70,84,64,84,84,80,67,79,66,64,79,74
33,82,82,15000000,46000,3,4,10,174,75,84,65,83,84,63,61,74,67,75,80,79
31,81,81,21000000,63000,3,4,16,185,78,81,59,76,78,71,70,93,80,82,77,81
33,80,80,11000000,135000,4,4,12,174,75,80,63,89,91,74,73,67,70,80,79,71
22,77,82,16000000,57000,2,3,14,183,84,79,75,77,76,80,81,85,81,78,76,74
25,83,86,48000000,71000,3,3,11,171,66,83,76,88,86,84,80,76,55,80,79,55
32,81,81,20500000,105000,3,5,14,186,80,78,81,78,80,82,81,75,76,83,80,64
24,83,85,47000000,90000,2,3,5,171,73,88,69,87,90,71,67,79,66,74,88,74
29,80,80,18500000,32000,2,3,21,175,75,80,54,76,77,81,83,93,86,76,78,74
27,77,78,12000000,1000,1,5,23,172,66,78,73,78,79,80,80,91,70,70,75,71
29,82,82,30000000,38000,3,3,8,179,70,85,72,81,83,82,74,84,60,81,79,66
31,88,88,75000000,310000,4,5,8,183,76,93,82,80,88,55,52,75,72,76,88,71
26,83,86,43500000,170000,1,5,23,180,73,80,50,80,78,91,92,89,83,80,78,77
30,83,83,31500000,95000,3,3,12,180,80,81,68,79,80,78,83,83,77,70,80,76
24,82,87,46000000,120000,2,5,20,178,73,75,78,85,85,88,81,81,71,85,83,54
32,82,82,24000000,41000,3,4,13,181,80,85,85,82,84,63,59,75,72,85,83,59
31,82,82,25000000,155000,3,4,15,178,72,84,72,81,83,67,64,79,60,68,84,78
29,77,77,9500000,50000,1,3,2,180,75,72,64,76,74,82,84,87,78,72,77,71
24,80,85,29500000,95000,2,3,11,175,64,82,61,80,82,75,71,76,63,75,80,78
31,81,81,21000000,19000,3,4,21,177,72,82,78,82,84,78,73,78,59,84,84,67
32,83,83,29500000,82000,3,5,77,177,75,83,79,84,83,86,85,88,69,84,82,51
23,85,89,77500000,150000,3,3,10,186,70,80,73,86,84,86,93,86,75,83,80,45
23,85,89,78000000,145000,3,4,10,174,72,78,88,83,85,86,83,80,84,86,83,55
28,89,89,104000000,220000,4,5,7,183,78,84,78,87,84,85,90,88,64,91,89,50
24,81,86,38500000,110000,3,3,34,184,74,81,80,76,85,67,69,84,74,80,84,72
23,79,84,24500000,41000,2,2,7,183,77,82,66,70,76,66,64,84,75,68,79,77
35,79,79,7000000,76000,2,4,7,175,70,82,76,76,81,60,52,77,70,71,84,77
29,80,80,20500000,19000,1,3,27,181,78,84,79,76,81,62,55,76,66,79,81,77
25,79,83,24500000,53000,3,4,17,180,69,79,70,84,82,77,84,88,57,75,80,67
33,76,76,4600000,27000,2,4,16,172,72,78,83,79,80,75,66,81,62,71,79,68
33,80,80,13000000,35000,3,5,17,183,73,83,77,80,82,69,67,76,75,81,84,72
26,81,84,33500000,69000,2,3,8,173,66,85,51,76,82,66,54,91,64,65,77,64
32,80,80,14000000,53000,3,4,20,171,68,81,68,74,78,68,63,80,64,68,73,80
31,79,79,14500000,78000,3,4,21,182,71,81,68,78,81,68,62,81,70,76,82,79
36,83,83,7000000,100000,3,4,25,179,67,83,70,76,81,67,52,66,75,70,81,87
30,79,79,17000000,17000,1,4,8,182,71,80,50,76,77,75,75,93,77,75,76,76
31,78,78,11500000,52000,2,3,5,181,75,82,78,80,83,69,69,69,61,76,78,70
28,79,79,17500000,58000,2,2,4,188,76,81,62,76,79,67,69,82,94,77,84,77
30,81,81,25000000,170000,2,4,17,173,70,79,58,81,79,83,82,91,57,80,75,71
24,81,85,33500000,65000,2,3,27,180,72,82,60,78,78,82,81,88,69,71,79,83
31,87,87,66000000,140000,4,4,25,185,76,85,84,77,84,66,67,86,66,96,84,47
26,81,82,30000000,87000,2,3,25,192,80,84,69,80,83,70,81,86,80,76,80,70
34,86,86,33000000,180000,3,4,9,179,74,74,84,78,82,85,85,76,66,92,88,45
34,77,77,4900000,33000,2,4,33,186,84,76,69,75,77,60,57,86,87,75,75,77
27,87,88,93000000,160000,3,3,10,177,75,87,88,90,93,88,80,70,61,82,79,32
29,80,80,20500000,35000,2,4,11,172,69,83,62,81,82,70,65,78,63,74,83,67
28,82,82,30500000,43000,1,3,24,179,70,84,66,83,85,70,66,82,71,76,83,72
33,80,80,13000000,20000,4,3,10,180,85,78,73,85,77,83,78,85,89,81,76,46
29,81,81,22500000,24000,1,4,6,172,68,81,64,77,72,92,93,91,73,69,74,73
29,85,85,52500000,170000,2,3,5,180,68,92,71,79,87,61,50,87,66,69,81,67
31,81,81,21500000,15000,2,4,21,171,67,81,65,85,78,85,79,79,67,78,77,63
24,80,84,30000000,41000,2,2,8,184,72,86,56,77,84,73,74,77,76,74,78,79
33,82,82,18500000,39000,3,4,10,184,78,85,81,79,82,59,56,74,71,79,80,76
30,79,79,15000000,95000,2,3,3,188,85,82,76,78,83,61,55,82,76,77,75,68
30,83,83,30500000,100000,2,3,6,175,74,83,56,81,82,77,68,92,70,77,85,82
25,84,86,48500000,140000,2,2,23,181,75,82,56,80,82,76,81,80,79,78,83,83
33,78,78,8500000,28000,2,4,25,178,79,79,76,67,75,64,53,92,73,79,79,76
26,86,86,74000000,200000,2,3,20,173,64,86,70,92,90,83,77,93,54,83,87,49
32,75,75,3900000,14000,2,2,88,181,72,75,76,75,78,71,68,69,67,74,77,64
29,81,81,22500000,83000,2,4,6,184,78,77,69,73,79,67,77,77,80,69,78,82
26,83,86,48000000,80000,2,4,10,171,70,82,80,88,87,86,85,82,71,84,76,42
23,81,86,39000000,72000,2,3,18,179,72,83,59,86,86,81,78,74,63,78,79,69
32,85,85,43000000,95000,4,4,11,180,71,85,85,85,86,76,71,67,66,85,85,52
34,80,80,9500000,88000,3,4,28,170,61,86,76,76,85,55,45,75,57,68,89,71
33,77,77,6500000,26000,2,4,20,182,80,76,71,75,75,67,66,82,75,75,74,71
28,83,83,37000000,83000,2,4,31,179,85,81,85,80,80,76,70,90,87,86,86,22
27,78,79,16000000,47000,2,3,14,178,68,80,68,77,78,71,70,84,68,78,78,63
27,83,84,41500000,135000,3,4,8,176,80,90,76,89,89,77,65,79,63,72,81,70
28,82,82,27500000,90000,2,3,14,170,67,81,61,82,82,82,82,79,58,78,78,75
24,82,87,46500000,100000,3,5,7,181,71,79,75,86,83,85,81,83,77,83,81,45
28,79,79,17500000,21000,2,3,6,179,70,79,82,75,80,69,72,90,73,83,82,68
29,85,85,47500000,210000,3,3,2,173,73,83,49,78,83,79,80,89,74,75,81,82
28,80,80,21000000,86000,2,4,12,174,71,84,75,86,84,74,68,66,67,77,82,70
25,79,80,21000000,32000,2,4,10,172,64,77,81,82,81,79,71,75,45,75,82,63
27,79,79,18500000,100000,2,4,15,175,70,80,60,83,83,82,81,80,70,79,77,68
33,77,77,5500000,17000,1,5,20,170,69,73,65,78,81,84,83,84,73,76,80,69
33,79,79,11000000,21000,3,2,8,185,85,83,73,87,86,69,71,66,83,67,90,72
33,75,75,3500000,19000,1,4,8,180,79,76,72,78,76,68,73,89,75,72,71,70
26,78,79,16500000,51000,2,3,2,184,80,77,69,78,80,84,89,80,78,79,74,74
30,81,81,21500000,43000,2,3,21,180,74,79,56,75,76,65,69,93,79,70,78,77
33,81,81,16500000,41000,2,4,11,180,70,77,84,87,84,87,86,78,67,84,84,44
34,78,78,6500000,46000,3,4,27,185,77,80,82,80,84,66,72,54,80,76,82,58
29,86,86,68000000,73000,2,4,7,180,77,81,81,86,85,80,78,79,75,87,78,44
24,82,87,46000000,95000,1,3,28,179,76,85,62,89,87,73,69,69,74,72,87,66
30,82,82,25500000,59000,3,3,15,185,76,78,64,71,76,64,68,92,77,67,81,82
27,84,84,45000000,42000,3,4,8,173,75,84,77,88,87,88,79,79,81,82,89,34
30,80,80,20000000,23000,2,4,37,182,77,82,73,83,82,79,74,87,68,78,78,62
33,89,89,66000000,350000,4,4,9,185,81,86,86,87,90,77,75,78,82,90,90,43
26,76,77,9000000,56000,2,4,8,180,73,77,72,76,76,75,69,81,76,74,77,68
28,78,78,14000000,1000,2,4,7,170,63,79,70,79,79,75,70,83,61,74,76,59
35,77,77,4500000,15000,1,2,10,192,83,77,83,78,77,79,69,82,80,76,73,45
25,80,82,26500000,90000,3,3,20,188,80,82,79,83,84,67,68,80,75,82,85,64
23,81,86,39000000,65000,2,3,8,175,70,83,68,86,86,76,74,75,67,78,82,66
27,81,82,29500000,74000,3,5,20,180,75,84,75,87,85,83,79,75,57,78,75,69
31,79,79,15000000,79000,2,3,9,178,82,75,70,79,76,79,87,76,86,80,73,51
20,82,89,57000000,59000,3,4,19,183,75,81,59,85,79,96,96,79,72,75,74,74
25,82,86,42000000,77000,2,3,8,189,70,83,67,83,86,67,60,87,67,81,77,70
35,80,80,6000000,15000,2,4,24,178,77,85,63,76,79,70,66,73,78,73,80,77
23,82,87,42000000,74000,2,4,27,185,75,85,64,78,80,62,60,89,78,73,77,80
32,81,81,21000000,48000,3,4,9,192,83,81,79,77,82,78,80,77,87,79,79,40
24,85,88,66500000,120000,1,4,25,183,74,78,68,72,77,65,68,90,78,67,80,87
25,80,81,25000000,32000,1,4,7,175,73,79,70,82,81,86,81,74,56,79,78,65
26,88,89,107500000,290000,4,3,7,170,69,83,67,87,86,95,88,79,64,91,78,47
27,80,81,22000000,22000,2,3,31,177,77,78,45,73,77,80,83,89,69,68,76,72
34,78,78,4800000,24000,3,2,18,169,67,82,69,78,80,67,62,81,60,69,76,74
27,80,80,20500000,63000,2,3,22,183,83,77,60,76,75,85,83,89,75,70,72,76
27,76,76,8000000,14000,1,5,8,187,83,75,67,79,78,64,55,77,81,74,81,76
24,77,82,16000000,1000,1,3,4,182,75,77,66,74,77,74,77,88,82,75,77,74
28,83,83,33000000,72000,3,4,37,186,75,78,59,83,80,94,91,81,66,77,69,82
22,79,88,39500000,15000,1,3,37,180,73,85,70,81,80,76,80,82,68,73,83,75
23,77,83,16500000,28000,2,3,10,175,64,76,61,80,78,88,86,70,67,74,75,69
26,82,85,36000000,81000,1,3,28,192,86,81,59,74,77,61,66,92,84,75,78,81
32,84,84,33500000,32000,3,3,10,181,76,87,80,85,87,67,70,88,80,85,86,51
31,74,74,2900000,12000,1,3,40,178,78,73,55,71,74,81,79,80,81,73,79,71
30,84,84,41500000,88000,2,5,10,170,68,82,84,87,87,83,81,75,69,90,85,34
25,75,78,7500000,29000,1,3,29,185,81,73,73,73,73,76,79,77,69,72,72,65
22,81,87,41500000,63000,1,3,3,172,66,81,55,80,81,78,80,88,66,79,74,71
26,78,81,16500000,58000,2,3,7,178,68,80,71,80,78,73,67,90,75,72,68,69
29,77,77,9500000,27000,1,3,5,180,71,76,78,74,77,75,73,84,72,77,71,70
28,76,76,7000000,38000,2,3,13,182,77,75,66,74,76,69,72,74,74,64,77,74
30,71,71,1800000,8000,1,2,22,171,66,70,76,68,71,81,85,82,81,71,70,68
24,79,84,24500000,50000,1,3,8,182,80,80,65,80,78,69,71,80,73,68,75,73
29,89,89,86000000,230000,4,3,4,193,92,79,45,70,76,66,88,69,92,47,90,92
31,79,79,15000000,32000,2,4,9,180,77,75,76,78,79,87,81,81,82,77,76,43
22,77,83,17000000,13000,1,3,83,181,71,79,64,82,78,80,79,80,71,72,75,71
27,79,79,18500000,55000,2,4,10,183,73,78,59,82,85,62,55,77,67,78,81,73
24,80,84,27500000,90000,2,3,39,193,88,81,62,78,76,62,69,84,84,71,78,76
31,82,82,21500000,88000,2,3,27,174,66,80,36,76,79,70,69,85,69,72,79,82
33,78,78,7500000,28000,1,3,22,173,68,75,59,74,76,72,73,78,71,63,74,76
29,80,80,20500000,26000,1,4,23,173,68,80,65,79,79,84,83,84,66,77,76,55
20,88,93,137500000,110000,4,3,9,194,94,77,88,78,85,82,94,82,93,89,84,44
31,75,75,4700000,2000,1,4,3,178,68,74,52,76,73,87,88,91,64,74,71,69
28,77,78,10000000,1000,1,4,3,180,73,73,67,71,73,78,78,85,79,75,73,76
21,78,78,15000000,20000,1,5,15,186,73,77,71,71,72,77,80,89,67,57,77,74
27,82,82,32500000,54000,1,4,12,185,78,79,82,84,82,83,88,81,80,79,75,48
31,75,75,4100000,15000,1,3,17,180,80,69,59,75,72,93,93,90,82,68,60,67
24,75,78,7000000,25000,2,4,20,179,69,74,67,73,74,85,87,91,72,76,67,64
24,78,83,21000000,61000,2,4,30,187,78,83,71,83,82,69,77,86,70,64,80,78
22,83,89,58500000,120000,3,4,19,178,70,86,75,82,85,77,71,86,54,81,84,54
21,79,79,18500000,15000,1,3,8,188,88,78,67,72,74,62,78,87,82,67,76,82
24,82,87,46000000,89000,2,4,10,176,68,76,72,86,83,90,91,84,64,81,78,45
25,80,84,26500000,77000,2,3,18,166,60,78,65,77,79,76,72,84,68,68,78,80
21,81,86,37000000,76000,2,3,24,178,87,79,46,77,80,78,81,79,83,66,72,77
29,83,83,35500000,49000,1,4,7,177,75,83,76,85,83,90,87,88,68,82,81,24
25,86,89,81000000,175000,3,4,16,191,82,85,59,78,82,60,62,87,82,75,83,83
31,82,82,21000000,23000,3,3,17,180,72,84,66,77,84,48,43,76,72,66,84,83
26,83,86,43500000,48000,3,3,14,172,66,81,58,79,82,81,85,87,66,76,76,79
30,80,80,20500000,23000,2,4,11,173,71,75,72,85,83,87,84,75,63,83,84,48
23,80,85,32000000,59000,2,4,20,176,75,74,63,83,78,83,85,91,73,76,76,74
25,79,83,22000000,25000,1,4,14,185,80,77,64,74,75,70,68,84,82,68,72,74
30,82,82,26500000,57000,2,3,2,187,80,81,58,80,79,79,83,87,75,76,76,78
24,76,79,10000000,76000,1,4,15,177,70,76,72,79,79,77,75,77,60,69,70,67
23,78,85,28000000,31000,1,4,8,193,81,80,66,74,81,60,70,79,87,73,75,77
23,81,88,51500000,19000,1,4,28,173,65,83,79,83,84,77,76,85,58,84,86,57
27,79,80,20000000,24000,1,3,10,180,71,81,75,79,81,67,66,76,68,75,82,72
30,80,80,20000000,39000,2,3,19,176,74,82,53,80,81,68,68,75,78,77,78,77
35,78,78,4300000,42000,2,3,18,175,65,77,74,78,77,79,67,68,62,69,79,73
24,76,82,12000000,12000,1,4,17,178,68,69,67,79,78,83,86,78,66,74,75,68
28,79,79,17500000,115000,2,3,14,175,60,78,76,80,80,78,75,79,60,83,77,63
21,79,85,28000000,41000,2,3,8,187,81,81,50,77,79,70,73,85,81,77,78,77
34,85,85,26000000,190000,4,4,21,185,77,75,86,74,81,64,68,81,77,93,85,45
24,76,80,9500000,14000,2,4,10,184,74,79,68,76,82,71,73,74,80,64,82,73
26,77,80,13500000,71000,2,4,32,189,88,81,71,73,76,53,68,83,85,76,77,78
28,79,79,15500000,24000,1,3,11,173,66,81,45,70,76,73,76,80,71,47,70,71
35,79,79,4900000,40000,2,4,16,184,75,78,76,75,78,64,52,75,69,82,78,79
29,79,79,15000000,30000,2,2,6,187,73,84,69,66,79,58,61,84,85,65,80,74
30,78,78,13500000,35000,2,4,21,182,76,79,73,80,80,68,70,82,67,75,75,67
32,78,78,11000000,30000,1,4,10,178,72,77,63,76,79,73,62,78,69,78,78,63
23,77,83,15500000,41000,1,2,15,173,68,77,70,75,74,74,74,86,64,76,69,73
26,78,79,15000000,13000,1,3,21,175,70,77,55,72,78,78,77,78,70,77,72,69
30,83,83,35500000,120000,3,4,9,188,81,81,82,84,82,63,80,82,84,84,81,45
25,83,86,43500000,105000,2,4,5,185,84,83,60,76,80,58,61,88,78,65,82,84
27,79,79,18500000,77000,2,3,20,185,77,82,76,85,84,79,79,70,69,72,78,64
29,81,81,25500000,105000,4,3,19,180,75,84,90,86,90,55,51,55,64,80,87,52
22,82,88,49000000,89000,3,2,8,178,68,83,73,85,85,80,75,78,56,76,76,65
25,81,85,32500000,82000,2,3,23,178,72,80,55,73,79,69,66,85,78,66,78,79
21,81,89,58000000,72000,2,3,44,186,75,79,80,85,87,85,83,85,77,77,83,50
26,73,74,3600000,25000,2,3,8,181,78,74,64,73,74,71,73,68,75,69,76,72
34,79,79,6000000,11000,3,2,8,180,75,78,72,75,75,74,73,85,75,64,77,79
18,78,89,29500000,44000,3,3,25,182,68,81,59,80,81,73,71,80,76,73,81,75
28,77,77,10500000,1000,2,4,99,179,69,70,78,76,73,89,91,82,57,78,77,56
26,81,82,30500000,19000,1,3,16,172,71,79,63,86,85,80,76,80,60,77,81,66
29,75,75,5500000,29000,1,2,4,170,72,76,79,74,76,72,68,84,66,67,75,73
28,81,81,26000000,105000,3,4,27,174,70,72,70,88,82,93,88,75,57,78,81,31
28,82,82,30500000,75000,2,4,10,175,71,82,77,85,84,84,76,78,65,80,78,58
24,82,85,41500000,100000,1,4,10,175,73,84,70,84,86,78,72,74,51,80,84,59
27,84,84,45000000,81000,3,4,21,185,73,79,70,88,85,89,88,80,61,80,79,44
28,79,79,17500000,87000,2,3,16,184,76,79,68,77,80,66,74,89,80,77,74,75
29,73,73,3000000,24000,1,3,6,180,76,74,65,75,74,85,85,90,77,66,78,73
33,77,77,5500000,23000,1,3,7,175,68,75,59,76,73,85,79,84,52,72,80,76
33,79,79,11000000,24000,2,4,7,183,75,77,75,82,84,84,75,75,74,80,85,45
30,75,75,5500000,14000,1,3,29,177,68,77,67,77,78,80,75,83,71,75,79,71
27,80,80,20500000,86000,2,3,24,174,74,77,61,76,78,76,75,78,73,68,73,76
25,77,81,14500000,21000,1,3,12,170,69,82,55,76,82,75,71,80,64,68,76,69
28,84,84,42500000,170000,3,2,22,181,65,86,74,83,85,79,77,79,58,82,79,44
26,78,82,17500000,24000,1,3,5,175,67,80,51,71,78,76,69,86,72,75,80,77
29,82,82,30000000,165000,4,4,14,172,68,80,78,89,89,74,65,74,52,80,79,55
30,76,76,7000000,40000,2,4,6,172,67,76,65,78,78,68,64,95,48,72,79,72
26,76,77,9000000,44000,2,4,8,187,83,80,66,71,75,64,55,86,82,69,70,70
33,76,76,4500000,30000,2,4,29,174,72,79,72,70,79,61,60,61,69,70,81,72
27,82,83,35000000,115000,3,4,20,178,76,85,74,86,88,72,62,75,49,77,78,62
31,74,74,3500000,27000,2,3,19,173,75,76,76,76,75,72,68,65,70,77,72,76
23,75,81,9000000,42000,1,3,12,184,76,76,71,76,76,78,85,90,75,73,76,70
30,74,74,4000000,11000,1,4,14,183,81,73,67,68,75,60,61,86,80,62,75,74
35,82,82,7000000,23000,3,4,16,184,83,81,74,64,77,60,58,70,78,55,92,90
26,76,79,9500000,44000,1,3,18,179,80,78,55,79,74,74,76,91,79,74,76,70
24,80,86,31000000,69000,2,3,3,178,70,77,38,78,77,86,83,86,74,73,74,78
26,77,80,13500000,38000,2,4,21,172,70,81,66,75,80,71,68,82,69,70,75,76
27,77,78,12000000,28000,1,3,22,183,77,81,73,73,76,61,65,79,79,81,72,70
34,76,76,3500000,49000,2,3,19,183,78,75,65,76,74,69,73,89,71,75,74,73
21,77,86,22500000,25000,1,4,8,181,79,81,63,76,79,74,82,76,76,60,74,70
30,80,80,20000000,81000,3,3,8,183,76,85,77,85,84,63,69,65,66,78,80,68
25,72,76,3200000,20000,1,4,4,176,70,72,66,74,76,79,76,87,77,65,68,72
24,79,84,24000000,29000,1,3,5,181,73,81,47,70,78,60,74,83,78,65,73,80
29,82,82,30000000,29000,4,4,27,177,71,85,85,84,88,69,67,75,71,79,87,64
30,78,78,13500000,56000,2,4,8,177,79,76,64,82,81,77,76,78,68,73,75,70
28,75,75,5500000,49000,1,4,8,180,70,75,68,78,78,78,82,84,73,76,77,72
27,85,86,63000000,220000,3,3,9,176,78,81,74,86,85,81,83,79,83,85,80,23
28,82,82,27500000,24000,3,2,31,172,65,77,44,73,77,79,81,89,75,69,77,81
26,73,76,4000000,28000,1,4,8,173,71,73,72,69,71,73,76,92,75,73,71,70
25,85,86,64500000,110000,4,4,7,176,77,82,83,88,83,90,77,78,68,86,80,45
25,77,82,15500000,31000,2,3,18,172,70,80,50,75,78,76,77,93,77,75,80,77
25,84,87,56000000,105000,3,2,10,183,80,81,85,87,84,91,89,68,70,84,80,36
27,77,78,11000000,17000,1,3,3,184,84,73,69,74,71,78,82,90,77,71,74,69
26,75,78,6500000,8000,1,4,7,173,75,76,56,74,74,72,72,92,72,70,74,71
24,77,80,14500000,25000,2,4,8,184,77,85,68,75,78,76,81,85,76,72,77,75
29,80,80,20500000,68000,3,4,24,174,72,79,69,81,80,87,88,81,64,81,79,46
33,77,77,4000000,55000,1,3,22,177,69,76,58,75,77,81,79,88,70,74,70,69
28,80,80,19000000,73000,1,3,5,175,76,75,61,73,76,76,77,87,76,69,72,78
29,77,77,10500000,54000,1,4,17,183,75,77,62,77,76,72,73,83,68,76,70,63
32,75,75,3700000,850,1,4,88,180,78,78,70,74,78,74,70,69,73,73,74,74
21,78,78,15000000,13000,1,3,21,176,75,76,71,76,75,84,73,88,67,76,80,78
34,78,78,5000000,13000,2,2,14,180,88,75,64,77,80,76,75,73,83,65,82,76
30,76,76,7500000,31000,3,3,10,176,72,74,69,77,78,73,73,82,72,76,74,49
18,79,89,37000000,21000,2,4,22,186,75,79,64,80,80,78,73,87,71,72,76,78
26,75,78,7500000,18000,1,4,6,175,79,79,48,75,76,76,75,78,74,72,70,71
30,77,77,10000000,25000,1,3,8,175,68,80,65,73,77,67,60,82,74,70,80,72
31,76,76,5500000,25000,2,3,7,179,80,75,63,77,76,75,78,79,74,67,72,68
29,77,77,9500000,48000,2,4,24,191,90,71,77,75,73,67,77,83,83,75,74,69
26,74,75,4900000,12000,1,3,6,187,77,75,66,72,76,67,68,83,80,66,73,69
27,80,80,22500000,83000,3,5,23,187,77,81,77,83,84,76,73,68,67,78,82,48
29,77,77,9000000,54000,2,3,23,177,75,80,60,76,77,69,74,77,73,68,77,73
29,78,78,12000000,64000,2,3,23,188,87,77,60,71,75,64,62,82,79,63,74,76
30,76,76,6500000,45000,2,4,6,176,67,74,60,76,75,82,86,74,61,74,67,71
26,77,80,12500000,22000,1,4,11,168,68,79,70,75,77,77,72,92,62,71,80,76
30,75,75,5500000,1000,1,3,22,183,78,76,65,72,74,62,64,88,76,74,75,73
27,87,90,90500000,135000,3,3,5,183,75,84,35,69,79,81,81,83,78,68,86,89
36,74,74,1400000,12000,2,3,17,172,72,72,69,80,75,72,76,71,72,73,77,46
19,78,90,33000000,11000,1,4,8,190,79,79,69,83,84,76,78,81,74,72,79,71
31,74,74,3500000,17000,2,4,10,179,75,77,69,79,80,73,72,74,63,71,72,55
28,83,83,36500000,44000,2,3,10,170,66,85,68,87,87,84,78,77,49,81,82,58
29,79,79,15500000,35000,1,3,20,170,65,78,66,77,80,77,82,76,66,77,72,72
28,76,76,7500000,19000,2,4,8,186,82,81,73,74,78,56,64,72,76,76,82,70
29,78,78,14000000,30000,2,2,17,184,80,80,75,83,82,74,67,61,64,79,75,52
30,72,72,2200000,28000,1,3,22,177,72,74,61,71,72,86,79,72,76,71,74,73
25,79,82,23000000,56000,2,4,8,178,68,82,66,84,82,78,63,90,59,68,71,73
36,79,79,6000000,18000,1,4,8,168,71,75,82,84,83,71,65,71,69,81,86,32
33,84,84,27000000,46000,2,4,10,176,67,80,83,87,86,78,86,69,60,84,85,39
31,76,76,6000000,40000,3,3,10,179,75,74,72,75,79,74,71,68,66,74,75,69
27,76,77,7500000,14000,1,2,29,167,70,80,49,73,75,80,69,82,65,68,80,71
34,75,75,2100000,10000,2,3,5,176,70,74,69,75,77,70,72,73,65,70,72,70
31,78,78,10000000,36000,1,3,18,175,73,80,56,70,77,63,53,86,68,68,77,76
31,75,75,4600000,9000,1,3,10,175,68,76,66,77,75,76,74,86,64,74,74,62
29,81,81,22500000,140000,3,3,20,178,68,81,50,78,80,73,79,92,69,69,76,75
31,81,81,21500000,50000,2,4,7,172,63,79,74,80,81,88,87,84,58,80,81,55
23,75,83,12000000,37000,1,3,33,186,76,75,65,75,74,76,75,88,76,68,72,72
28,78,78,12500000,21000,1,3,22,170,70,75,61,73,74,76,82,92,77,69,75,73
32,76,76,6000000,18000,1,3,10,178,80,78,69,77,73,78,79,75,83,71,72,60
21,80,87,40500000,80000,1,3,24,176,71,75,53,79,82,76,83,83,73,75,78,74
33,87,87,51000000,260000,4,4,19,173,70,80,85,86,88,75,68,62,74,91,91,30
21,81,81,27500000,31000,1,4,7,178,69,78,47,77,78,78,80,89,68,72,82,70
32,80,80,16500000,12000,3,4,10,170,69,88,71,81,81,76,72,88,68,77,81,50
31,83,83,25000000,125000,3,3,28,178,77,79,51,68,77,69,63,77,70,62,78,85
25,76,80,9500000,26000,2,5,20,175,66,72,68,81,76,89,91,71,65,74,77,69
27,76,76,7000000,28000,2,4,18,184,85,77,68,77,78,69,73,79,78,71,70,72
28,78,78,12500000,27000,1,3,77,180,73,73,46,74,74,79,85,93,74,67,78,76
28,78,78,12500000,15000,1,4,47,173,65,78,60,77,80,75,74,88,59,77,81,66
34,76,76,2400000,16000,2,3,4,183,75,75,62,72,73,73,73,69,69,68,74,80
29,76,76,6500000,33000,2,3,4,172,78,77,59,77,76,78,75,78,72,74,69,72
30,78,78,13500000,26000,1,4,7,177,72,79,75,78,78,75,74,66,68,78,77,73
32,80,80,17000000,105000,4,4,7,168,62,79,82,84,83,80,76,68,68,81,75,38
29,80,80,20500000,58000,2,3,11,180,80,81,68,78,81,68,69,87,69,78,83,80
30,74,74,3600000,1000,1,3,15,174,73,70,64,72,69,93,91,93,73,65,74,69
28,79,79,16000000,59000,2,4,77,185,85,71,68,75,76,82,88,82,79,69,69,74
27,76,76,8000000,19000,1,3,19,173,70,81,67,75,80,83,75,92,59,68,75,70
31,87,87,67500000,125000,4,4,17,185,85,80,85,80,83,84,87,78,76,91,79,34
25,77,82,14500000,27000,1,2,24,184,73,72,63,76,75,78,78,83,76,75,64,72
30,78,78,13500000,29000,1,3,13,187,82,77,68,76,78,55,63,87,79,78,82,71
21,83,91,82000000,61000,2,4,7,181,72,80,81,86,87,81,83,75,64,84,84,30
28,77,77,9500000,52000,2,3,15,175,80,72,57,78,78,87,88,75,72,69,77,73
26,80,83,27500000,110000,2,4,8,172,64,83,71,85,86,77,65,73,59,74,81,68
28,88,88,93500000,260000,4,4,9,191,94,77,78,83,77,81,87,71,95,89,86,30
28,76,76,6500000,46000,1,4,42,174,74,78,49,75,78,81,79,92,68,70,81,74
24,79,84,26500000,61000,3,4,10,172,65,82,68,81,83,75,72,68,63,73,77,67
34,75,75,2600000,22000,2,4,15,181,73,75,78,73,77,64,70,77,67,76,65,70
27,77,77,11500000,18000,1,3,11,176,73,72,74,78,79,82,80,85,70,79,77,44
30,81,81,24500000,83000,2,4,44,178,66,87,68,85,84,79,62,86,47,72,84,66
31,80,80,15500000,1000,2,3,31,177,86,81,55,83,81,84,80,86,75,82,79,77
32,73,73,2000000,13000,1,3,16,177,70,70,58,72,74,63,73,80,72,68,70,70
26,80,81,24500000,33000,1,4,8,183,74,84,59,79,80,59,66,81,74,69,77,67
24,83,87,52500000,150000,2,3,9,175,73,77,77,86,86,87,82,79,69,87,79,45
25,79,82,23000000,69000,2,3,8,178,67,81,72,79,83,70,66,81,63,76,77,70
25,84,85,51000000,110000,3,3,33,185,84,79,84,84,85,77,71,79,76,87,84,36
29,75,75,5500000,21000,1,4,33,177,65,77,62,80,80,84,77,90,67,73,77,67
24,76,81,11500000,35000,2,3,8,184,75,75,55,80,79,69,69,80,76,69,70,72
29,82,82,30000000,175000,3,3,22,176,79,81,67,91,90,70,62,59,59,77,83,58
21,84,92,94500000,125000,3,3,47,171,69,84,59,86,88,86,82,79,44,82,82,58
32,79,79,11500000,49000,1,3,5,181,78,79,58,74,79,69,71,90,70,74,84,78
33,85,85,33500000,51000,3,4,24,167,68,85,72,85,86,91,83,75,44,80,85,50
35,77,77,3200000,33000,3,4,26,184,79,75,64,70,72,67,72,68,76,73,82,80
23,80,84,27500000,53000,2,3,24,174,76,79,60,76,77,74,64,85,80,75,74,75
34,75,75,2300000,58000,3,3,3,170,70,78,63,72,78,60,53,55,55,69,82,75
28,80,80,18000000,34000,2,3,13,184,83,72,64,54,65,65,74,76,83,68,78,79
31,78,78,10000000,51000,2,3,19,187,91,77,62,78,76,65,81,85,90,71,74,75
24,82,86,40500000,100000,2,3,21,178,77,79,42,78,81,77,75,88,69,74,74,78
33,81,81,13000000,52000,3,4,28,189,90,82,78,78,81,41,49,65,85,78,84,80
32,81,81,20500000,2000,2,3,7,172,75,77,82,87,85,93,91,78,67,73,82,38
24,75,80,8000000,19000,1,4,6,185,73,73,59,74,72,72,78,77,69,68,69,72
26,78,80,17500000,48000,2,4,88,188,82,80,72,78,81,63,65,78,75,81,74,61
25,76,80,10500000,49000,1,3,29,184,78,78,50,84,78,76,78,79,84,73,79,70
34,78,78,5000000,41000,2,5,15,181,76,79,68,75,81,77,77,76,64,71,81,69
31,75,75,4100000,38000,2,3,31,173,75,75,65,72,70,78,76,76,60,66,67,74
35,77,77,4200000,19000,1,3,10,166,68,81,72,77,81,61,63,81,63,75,81,60
28,80,80,21000000,19000,3,4,24,179,73,84,69,84,85,71,68,80,65,74,86,57
26,73,74,3600000,35000,1,2,21,175,79,74,64,69,75,76,73,75,75,74,70,67
27,76,79,8500000,21000,1,3,5,191,79,74,70,73,76,62,69,87,83,68,73,71
30,83,83,35500000,59000,3,4,27,177,73,81,85,87,86,76,67,76,68,86,83,35
23,79,84,24500000,52000,2,3,39,182,78,84,66,78,80,66,68,84,72,66,80,75
27,81,81,25000000,55000,3,3,33,185,72,78,58,79,78,80,87,86,75,84,77,77
27,78,78,15000000,13000,2,3,6,176,70,83,60,75,78,75,76,90,76,66,78,73
31,79,79,12500000,66000,2,3,3,175,66,77,48,76,77,72,67,74,61,60,72,78
21,78,87,31500000,38000,2,3,22,190,79,77,60,80,81,82,84,74,88,80,70,64
33,84,84,27000000,84000,3,4,72,190,79,86,83,88,88,76,74,65,74,85,80,41
31,76,76,6000000,9000,3,4,8,172,74,85,69,76,78,70,67,78,66,69,76,70
27,78,78,15000000,95000,1,4,17,178,72,76,77,81,80,79,76,79,57,82,77,61
32,77,77,7500000,25000,2,3,18,182,78,79,57,75,78,81,82,87,73,73,75,72
34,79,79,8000000,25000,3,4,87,180,70,81,79,80,82,75,69,81,54,79,73,61
32,77,77,8500000,39000,2,3,6,181,77,79,53,75,77,69,67,93,76,68,79,68
24,85,89,77500000,57000,2,3,10,181,79,83,74,85,85,83,81,82,57,85,83,55
25,78,81,19000000,32000,1,3,19,174,70,73,72,77,77,83,79,85,67,84,81,44
23,78,83,21000000,58000,2,2,8,175,72,80,61,81,81,74,67,81,65,74,76,68
29,75,75,5500000,1000,2,4,17,182,74,71,57,73,74,74,75,77,76,73,72,69
29,81,81,25500000,49000,2,3,7,181,83,75,83,76,74,81,87,83,87,83,79,32
28,81,81,26500000,90000,1,4,20,178,73,75,76,78,81,82,76,74,69,86,85,38
31,79,79,14500000,83000,3,4,10,186,77,82,77,78,83,55,53,77,64,78,80,57
30,85,85,52000000,240000,4,4,7,175,74,85,82,89,88,86,82,77,61,83,89,34
34,76,76,3500000,29000,4,3,32,176,83,80,83,72,82,53,52,59,78,78,88,57
24,73,78,4600000,12000,1,3,19,186,82,74,74,78,74,69,68,76,78,71,72,62
34,81,81,8500000,18000,3,3,5,189,86,76,52,64,70,74,78,72,80,56,81,84
26,74,77,5500000,30000,1,4,10,178,71,73,50,76,74,78,81,74,78,74,77,65
32,75,75,5000000,17000,1,3,28,178,72,75,57,74,76,83,73,88,64,74,78,67
33,74,74,2200000,34000,1,5,29,183,75,70,66,76,77,77,78,84,70,71,78,70
27,75,77,6000000,40000,1,3,15,187,74,78,54,72,76,63,63,79,70,58,76,70
21,71,82,4200000,5000,1,4,19,181,75,73,67,67,70,72,73,91,75,70,75,64
31,74,74,3100000,30000,1,4,11,172,76,75,75,77,76,68,62,75,60,74,73,67
33,71,71,1200000,12000,2,3,56,175,76,72,71,70,70,74,73,88,65,69,72,70
27,74,75,4300000,12000,1,3,8,173,73,73,68,72,74,80,78,81,67,68,70,75
28,78,78,12500000,48000,2,4,29,182,71,75,42,75,76,71,76,86,76,73,74,74
22,77,84,20000000,56000,1,3,6,185,68,79,55,75,77,73,75,80,72,67,74,72
29,76,76,7500000,41000,2,3,8,182,75,82,73,80,83,69,68,54,63,72,74,67
27,76,77,8500000,23000,2,4,10,177,72,78,64,77,77,69,68,78,65,78,77,63
35,78,78,5500000,22000,3,4,4,180,79,84,70,73,84,45,47,71,71,65,81,55
30,73,73,2600000,12000,1,2,3,178,73,75,59,69,73,76,71,76,81,75,77,64
23,83,91,80500000,74000,3,4,22,175,70,78,80,89,82,91,91,85,71,81,78,65
30,79,79,17000000,83000,3,3,19,182,77,79,75,79,81,87,86,75,69,78,80,46
25,78,81,18500000,20000,1,3,31,174,78,75,63,78,76,92,89,89,73,76,70,65
30,77,77,9000000,51000,2,4,31,184,80,77,52,78,78,66,75,74,65,69,75,75
29,75,75,4900000,53000,2,3,20,177,69,77,61,76,75,77,70,88,63,76,74,67
27,77,77,11000000,15000,1,3,7,170,60,73,67,83,74,93,94,91,74,75,67,40
30,76,76,7500000,13000,1,4,8,178,80,68,70,73,73,79,80,79,82,79,81,45
33,80,80,13500000,26000,2,4,7,182,71,77,78,79,79,76,78,77,76,82,75,30
29,78,78,14000000,61000,2,3,11,170,65,77,77,79,78,84,74,76,57,75,75,54
29,80,80,18500000,56000,2,3,24,181,76,76,53,74,77,77,81,85,73,65,67,78
28,80,80,21000000,2000,2,5,10,183,70,81,72,83,84,74,76,76,68,77,80,47
27,77,79,11500000,48000,1,3,47,182,78,78,55,77,79,74,78,90,66,68,73,79
31,78,78,10000000,24000,1,2,3,176,72,79,51,68,75,66,72,72,68,67,69,82
29,79,79,17000000,39000,2,4,14,178,75,80,65,78,81,57,55,74,63,77,76,69
32,75,75,3900000,10000,3,2,17,179,66,76,63,77,76,75,71,71,65,74,79,68
35,81,81,5500000,13000,3,2,22,189,84,72,62,65,62,65,70,78,87,58,77,85
29,74,74,4100000,21000,1,2,25,174,74,75,72,71,75,70,65,67,69,72,78,70
28,79,79,18000000,38000,2,3,14,181,79,78,80,78,79,77,66,77,75,83,79,29
31,78,78,10000000,20000,2,4,22,177,70,79,48,79,79,83,82,76,66,69,73,75
32,85,85,43500000,145000,3,4,14,187,80,77,83,79,81,87,91,79,74,90,87,20
35,73,73,925000,750,2,4,20,172,73,73,75,72,76,67,66,58,54,73,72,71
30,79,79,15000000,34000,2,3,2,180,77,76,74,73,74,71,76,76,75,64,69,80
26,75,77,6000000,30000,1,4,8,179,70,75,56,71,74,70,72,81,78,59,70,73
26,75,76,6500000,15000,1,3,23,167,63,81,63,83,75,89,78,76,60,75,80,64
30,82,82,30000000,110000,3,4,9,175,73,79,79,83,82,77,73,66,75,82,80,39
25,75,77,6500000,36000,2,3,22,179,67,72,67,79,80,79,75,74,54,70,69,72
32,76,76,5000000,12000,1,3,19,170,74,69,49,76,72,84,87,91,76,70,66,66
32,74,74,3300000,1000,2,3,27,186,88,77,69,71,75,61,59,70,78,74,75,69
37,77,77,2100000,25000,1,3,25,177,77,82,48,70,82,69,66,82,78,60,79,76
23,80,86,33500000,66000,2,5,11,178,79,81,72,85,80,82,83,80,69,77,77,54
28,76,76,7500000,36000,1,4,20,186,70,79,58,77,79,67,67,85,72,75,77,71
31,74,74,3100000,11000,1,2,14,177,74,76,55,69,76,71,72,76,69,69,71,69
33,84,84,21000000,43000,2,3,25,183,76,84,56,71,78,65,67,82,81,59,78,84
29,73,73,2700000,28000,1,2,7,172,63,72,61,69,71,79,77,92,63,65,60,64
28,80,80,21000000,64000,1,3,26,179,70,82,74,80,82,82,76,79,67,81,76,46
22,76,83,15000000,17000,2,3,21,180,69,75,60,81,79,81,71,71,62,72,79,58
19,80,88,45500000,50000,2,3,7,178,65,79,63,84,80,86,82,77,58,78,73,65
25,77,80,14000000,76000,2,3,22,180,75,76,72,80,76,82,74,68,66,75,76,72
34,80,80,8000000,22000,3,4,22,173,75,80,77,82,83,81,80,68,71,82,78,40
31,79,79,12500000,2000,2,3,6,182,80,81,56,73,78,64,65,82,74,63,80,75
28,75,75,6000000,21000,2,3,20,181,73,70,73,72,75,70,77,91,86,76,69,64
22,77,80,13500000,21000,1,2,11,170,73,74,53,76,74,85,84,78,76,71,72,73
29,79,79,15500000,51000,2,3,77,182,75,75,69,76,74,75,76,79,66,68,73,74
22,75,82,11000000,800,1,3,19,174,63,75,59,78,76,85,85,87,57,64,75,69
28,78,78,10500000,1000,1,4,9,167,65,79,63,78,79,80,71,83,61,65,82,45
32,86,86,44000000,95000,4,3,15,191,96,82,61,69,79,47,64,66,86,57,89,90
25,75,78,7500000,40000,1,4,17,176,67,78,60,78,78,75,79,84,67,67,74,72
33,81,81,16000000,2000,2,3,11,174,76,80,68,87,88,77,80,70,72,72,84,45
33,79,79,8500000,76000,4,3,23,189,86,77,63,65,78,57,60,67,77,54,75,76
30,80,80,17500000,28000,3,3,5,184,73,79,43,70,78,71,74,69,74,61,76,79
35,85,85,22000000,44000,4,2,21,173,67,90,82,86,90,70,57,66,45,86,91,58
26,75,77,7000000,9000,1,3,10,168,65,73,57,83,82,91,87,82,52,66,77,53
25,76,80,9500000,1000,1,3,23,183,77,76,59,74,74,72,72,80,75,66,76,74
29,74,74,4100000,16000,1,3,17,172,67,78,70,74,76,72,67,81,57,66,75,71
31,76,76,6000000,32000,2,3,16,180,74,80,64,74,80,65,66,77,64,67,80,77
26,78,80,17500000,32000,2,4,8,185,74,80,59,78,80,74,77,80,81,77,78,68
24,73,80,6000000,17000,1,3,38,169,61,74,66,68,73,71,67,82,64,65,72,67
28,72,72,2300000,13000,2,3,27,181,80,74,74,73,74,68,68,70,75,73,73,76
25,79,79,17000000,26000,1,4,21,177,75,78,58,75,77,68,66,89,68,54,68,80
31,74,74,3000000,1000,1,2,6,174,75,72,52,70,70,72,78,86,79,68,72,74
29,79,79,17000000,69000,3,4,29,169,72,80,76,80,82,77,73,65,71,75,79,35
24,76,79,9500000,36000,1,2,34,185,70,80,68,71,82,69,69,78,80,68,82,77
39,84,84,14500000,51000,5,4,11,195,95,80,88,78,86,64,66,52,87,89,90,28
24,73,78,4600000,12000,1,3,28,175,75,76,68,77,79,78,73,88,64,65,71,67
26,79,82,21000000,31000,2,4,25,186,82,77,43,77,78,67,77,79,78,65,73,74
30,74,74,3500000,8000,1,4,6,175,77,83,70,80,82,77,78,82,73,62,83,69
30,77,77,10000000,24000,1,2,21,182,76,78,68,82,82,71,70,67,71,73,82,51
24,81,84,32500000,79000,1,3,3,178,68,78,45,78,81,84,87,77,65,75,74,77
32,75,75,3900000,21000,1,2,5,165,64,77,39,73,70,85,86,83,62,73,70,70
34,76,76,3500000,1000,2,3,7,179,77,75,72,78,75,75,77,75,87,75,70,35
29,77,77,10500000,28000,2,4,25,170,67,79,71,79,80,75,72,76,57,73,73,53
22,79,84,25000000,70000,1,3,12,181,79,77,44,74,77,82,85,82,74,73,65,70
25,80,83,27500000,95000,1,4,12,168,62,87,49,79,90,71,64,65,50,62,78,63
27,81,82,30000000,39000,2,2,9,186,80,74,74,81,76,93,94,83,82,85,81,42
22,84,92,94500000,130000,3,4,29,188,82,84,80,86,85,77,86,77,69,82,84,39
31,76,76,6000000,35000,2,4,11,187,85,76,73,81,80,71,76,68,84,75,81,55
24,78,82,20000000,23000,2,4,10,183,71,78,52,85,81,72,75,80,72,76,72,65
25,72,75,3100000,12000,1,3,21,181,81,73,69,73,75,69,75,88,80,72,69,73
27,76,77,8000000,32000,2,5,23,176,70,75,56,74,75,76,76,76,73,71,67,74
25,74,74,4100000,20000,1,3,6,186,74,73,67,74,75,68,69,73,69,66,82,80
33,72,72,1400000,11000,1,4,7,175,67,75,72,80,79,72,68,67,62,64,83,67
32,76,76,6000000,12000,1,2,28,178,74,78,81,74,76,46,58,91,72,74,76,70
29,78,78,13500000,88000,2,3,8,187,81,80,62,77,81,65,65,77,72,76,81,77
23,82,87,46000000,78000,3,4,25,179,72,84,76,86,86,77,58,80,54,82,82,50
24,72,76,3300000,20000,1,3,21,182,74,74,65,72,72,67,68,78,76,75,80,71
24,74,78,6000000,17000,1,4,14,175,67,72,63,76,71,75,73,85,58,73,70,67
27,75,76,6500000,19000,2,4,8,181,70,75,70,74,77,71,70,72,62,75,72,65
30,76,76,7000000,36000,2,4,3,184,74,74,75,72,78,66,73,72,79,81,74,65
27,75,75,6000000,33000,1,3,33,184,74,78,66,76,78,68,66,72,71,70,68,66
28,76,76,7000000,59000,2,3,20,182,74,75,61,76,80,77,71,72,69,74,74,70
28,74,74,4200000,20000,2,2,8,180,79,75,69,74,76,69,67,83,74,73,72,70
30,86,86,65500000,220000,3,4,26,179,67,83,76,91,91,84,79,75,57,80,84,45
29,75,75,4800000,13000,1,2,16,177,78,74,60,67,73,73,70,81,71,62,66,74
30,76,76,6500000,950,1,5,18,175,75,71,60,70,67,74,72,87,77,71,72,75
23,78,84,22000000,90000,1,3,25,184,77,83,54,76,80,66,65,76,74,70,69,76
24,80,86,30500000,28000,2,3,8,191,81,79,35,76,76,79,86,81,87,65,83,81
22,78,83,21500000,43000,2,3,22,176,69,79,46,77,78,71,71,84,76,74,76,74
25,77,80,13000000,14000,1,3,16,167,66,77,41,76,76,86,82,88,89,79,78,69
28,74,74,4200000,23000,2,4,14,176,81,74,68,77,78,79,65,85,71,73,78,66
28,77,77,10500000,21000,1,4,7,176,66,73,69,77,75,91,88,89,61,76,77,54
25,82,87,41000000,18000,1,4,6,190,82,76,54,74,76,57,62,87,88,67,82,85
32,73,73,2100000,31000,1,4,29,174,73,72,67,72,74,74,72,80,80,71,75,67
29,76,76,6500000,1000,1,3,27,178,78,74,44,73,74,78,78,82,71,73,70,74
25,72,77,3100000,6000,1,5,23,178,68,71,55,71,72,76,76,90,70,66,72,65
28,75,75,5500000,1000,1,4,5,186,79,77,69,71,74,55,59,82,78,72,75,71
21,81,81,27000000,26000,1,4,22,175,70,82,57,77,76,75,78,91,56,58,81,83
32,79,79,11500000,85000,2,3,33,180,75,71,57,71,69,74,67,80,78,66,73,80
29,81,81,25500000,26000,2,3,23,182,75,82,76,81,84,83,78,77,59,77,80,34
30,79,79,17000000,32000,2,4,11,185,78,81,77,78,83,82,83,76,73,83,78,37
34,76,76,2600000,1000,1,3,11,167,68,82,65,70,80,65,53,77,68,65,81,72
27,80,81,24500000,59000,2,4,24,181,78,80,84,79,80,75,79,88,83,82,80,38
25,73,76,4000000,1000,1,4,18,180,79,73,52,76,76,82,84,75,84,76,69,73
23,75,79,8000000,25000,1,3,8,167,58,80,65,75,75,73,69,79,34,69,73,66
32,78,78,9500000,69000,2,3,23,177,77,77,64,77,76,66,66,71,66,70,82,78
32,71,71,1500000,900,1,5,8,180,77,73,68,69,73,76,65,87,83,68,67,73
27,81,81,25000000,64000,2,3,29,174,67,78,59,82,81,93,92,86,56,74,76,72
25,83,86,48000000,190000,3,3,11,182,76,81,79,84,86,83,81,76,63,80,82,40
25,74,79,6000000,36000,1,3,20,170,70,77,51,73,77,74,78,80,74,65,68,70
28,74,74,4200000,32000,1,3,23,177,75,74,64,74,74,75,74,80,69,65,74,51
25,76,79,10000000,33000,1,3,8,180,69,76,54,73,77,72,67,89,69,69,74,72
32,75,75,3900000,30000,2,4,80,172,67,73,51,76,73,83,77,85,56,71,67,72
31,74,74,3100000,10000,1,3,18,179,69,75,56,76,76,78,78,75,66,75,79,66
25,77,80,14000000,56000,1,4,10,169,63,75,67,80,75,84,87,85,57,70,69,63
29,80,80,21000000,46000,1,4,10,184,73,81,72,81,83,74,71,75,74,81,81,30
25,76,78,9500000,1000,1,3,9,188,77,70,66,76,75,84,84,88,74,74,75,56
31,72,72,1900000,39000,1,1,19,173,68,75,59,72,69,67,62,83,70,69,74,72
35,73,73,1200000,9000,2,4,8,176,75,75,69,75,77,65,64,62,66,73,72,59
31,79,79,12500000,34000,2,3,4,179,74,80,58,78,80,58,38,69,68,77,79,79
32,77,77,8500000,15000,2,4,49,180,76,78,73,86,85,69,67,78,71,74,83,68
20,75,83,12500000,18000,1,4,16,176,71,74,55,70,76,71,61,80,74,70,72,74
29,74,74,3600000,43000,2,4,24,170,73,81,47,74,81,75,55,74,61,67,79,67
29,72,72,2300000,26000,1,3,42,175,70,69,66,71,72,80,81,82,63,69,72,58
26,79,84,23000000,30000,1,3,20,189,78,80,49,70,76,53,58,84,76,73,77,76
30,77,77,9000000,42000,1,3,28,177,76,75,59,75,76,86,82,91,77,75,75,69
23,77,83,16500000,24000,2,2,10,180,70,77,70,84,80,79,70,75,63,73,78,45
26,82,82,33500000,51000,2,3,25,183,72,85,78,83,88,81,77,70,63,79,78,42
28,78,78,12500000,25000,1,3,15,179,68,73,65,78,75,87,89,91,51,73,60,71
26,78,81,18500000,33000,1,3,7,190,86,82,64,81,82,68,64,84,73,78,78,59
29,77,77,9000000,1000,1,4,8,179,76,78,59,68,75,71,68,79,76,64,74,69
25,74,77,5500000,23000,2,2,10,187,78,77,67,80,80,64,64,66,74,67,73,65
31,73,73,3400000,7000,1,4,7,177,75,76,62,73,77,75,72,90,74,68,82,65
34,78,78,7000000,43000,3,3,9,190,85,74,82,74,76,57,67,67,87,81,78,59
22,76,84,17000000,17000,1,4,28,171,65,81,58,81,80,92,87,79,56,73,80,65
34,81,81,9000000,64000,3,3,6,179,78,78,59,74,77,57,55,66,65,66,86,82
30,72,72,2200000,6000,1,4,10,174,72,73,68,74,73,79,70,87,64,70,74,64
36,75,75,1800000,11000,1,4,19,170,67,72,57,79,78,88,86,82,62,71,69,58
28,81,81,26000000,34000,1,4,11,174,74,76,57,83,81,90,86,71,68,79,79,40
30,76,76,6500000,44000,1,2,4,186,80,78,50,62,76,51,50,73,77,66,76,75
26,78,79,15000000,55000,3,4,14,178,65,78,73,73,75,70,74,80,72,72,78,76
30,75,75,5500000,32000,1,4,7,179,77,77,72,75,76,69,65,65,67,73,78,60
32,74,74,4300000,13000,1,3,10,173,66,74,57,70,74,80,74,83,68,71,77,67
32,76,76,6000000,12000,1,3,17,171,74,80,37,73,76,67,65,76,80,73,75,69
27,74,74,4100000,41000,1,4,23,173,75,68,45,66,68,79,77,83,72,66,64,65
29,74,74,3700000,14000,1,4,13,178,73,72,62,68,68,76,75,87,73,66,69,66
34,76,76,2700000,38000,2,3,8,183,72,76,64,74,77,70,69,74,67,66,75,74
35,75,75,1700000,5000,3,3,26,176,76,75,62,74,75,66,64,68,71,71,75,75
32,76,76,6000000,19000,2,4,76,179,71,79,62,77,78,64,55,80,67,67,63,67
27,75,76,6500000,38000,1,5,8,182,80,77,66,75,75,69,58,68,64,74,70,74
30,72,72,2200000,13000,2,4,23,184,73,73,61,70,74,62,60,74,76,74,73,72
29,81,81,22000000,85000,3,3,15,188,83,81,55,75,77,60,67,85,89,71,78,81
28,75,75,5500000,28000,1,4,8,182,72,82,45,68,80,64,52,78,58,74,77,69
30,76,76,7000000,51000,2,4,13,181,78,80,65,76,77,55,45,79,68,75,79,56
29,77,77,9500000,36000,1,3,7,165,62,73,69,69,69,76,82,75,65,44,78,76
27,71,71,2000000,6000,1,3,8,173,73,70,44,64,68,79,88,86,81,67,68,66
20,77,86,23000000,13000,1,3,20,177,70,76,63,82,81,89,87,80,75,75,76,61
30,78,78,13500000,40000,2,3,20,172,76,80,65,80,81,80,75,79,78,82,82,49
26,73,75,3400000,19000,1,4,61,176,70,76,70,73,74,76,75,78,69,64,72,70
32,76,76,6000000,20000,3,4,5,175,69,79,70,76,79,53,53,69,63,71,78,60
30,86,86,65500000,125000,4,4,24,163,59,87,74,90,93,90,84,74,34,81,81,53
33,76,76,3900000,28000,2,3,29,186,84,74,58,74,75,70,75,74,78,74,72,72
36,72,72,750000,5000,1,3,7,178,70,77,73,63,72,51,51,83,62,66,74,71
26,75,76,6500000,44000,2,4,39,188,81,74,64,77,75,77,89,82,75,73,75,65
28,73,73,2600000,6000,1,3,5,183,75,73,58,64,71,64,66,83,76,69,72,72
30,78,78,12000000,54000,2,3,6,170,67,75,53,77,79,84,77,81,50,59,71,70
33,75,75,3500000,24000,1,3,14,178,71,76,46,72,76,79,89,78,69,70,66,58
34,74,74,1400000,53000,2,2,28,187,89,77,72,66,76,43,52,54,71,64,73,76
36,76,76,2400000,32000,2,4,5,179,72,83,77,77,80,53,71,62,64,70,79,66
29,80,80,20500000,95000,2,4,17,174,70,83,64,83,83,73,72,71,59,81,76,60
31,76,76,5500000,24000,2,2,33,178,72,73,71,75,74,80,87,80,65,74,70,68
26,77,79,11500000,26000,2,3,28,185,73,74,60,73,76,61,55,91,65,62,69,78
18,81,91,54000000,51000,2,4,16,174,61,85,45,84,83,81,76,86,53,77,84,65
29,80,80,20500000,85000,3,3,11,172,75,77,76,91,88,91,85,66,56,72,80,45
29,75,75,5500000,18000,2,3,14,185,79,80,74,76,80,60,49,72,70,69,83,70
33,73,73,1900000,15000,2,3,8,184,85,75,67,75,75,67,65,67,75,73,81,59
25,74,78,6000000,26000,1,4,8,178,75,79,73,73,76,69,66,75,57,68,71,60
23,80,85,29500000,17000,2,3,12,183,62,81,56,82,81,81,83,82,66,73,76,74
29,74,74,4100000,34000,2,3,16,185,79,76,68,76,75,65,63,74,73,74,74,73
33,75,75,3500000,9000,1,4,7,178,76,74,66,75,74,77,76,77,56,74,73,69
29,75,75,5500000,22000,1,3,10,178,68,76,69,76,75,67,69,85,67,77,69,59
25,84,85,50500000,180000,3,3,10,180,81,85,72,89,88,81,79,80,61,81,88,48
27,74,75,4400000,13000,1,3,21,174,72,72,57,74,74,87,75,81,63,67,69,67
36,85,85,9500000,105000,4,3,6,183,79,80,61,67,79,52,54,68,82,59,86,87
33,73,73,1900000,12000,1,2,88,181,78,74,62,74,74,68,66,76,77,70,69,68
32,78,78,11000000,33000,2,3,6,190,80,79,69,75,78,50,47,77,78,78,73,76
33,74,74,2600000,21000,1,3,11,181,77,80,62,73,76,52,55,72,70,71,75,60
22,74,82,9000000,650,1,5,27,183,77,75,64,73,77,72,71,83,76,60,77,69
29,73,73,3000000,31000,1,2,83,171,69,78,37,74,69,69,67,77,70,63,69,68
24,82,87,46000000,36000,2,4,32,185,74,85,63,83,84,72,57,81,65,70,78,67
30,78,78,12000000,18000,1,3,18,174,86,75,33,80,76,83,89,87,74,78,79,66
28,79,79,17500000,35000,2,4,23,176,73,81,64,78,79,75,75,86,64,82,81,62
27,73,73,3200000,10000,1,3,6,175,68,75,63,74,77,73,68,76,62,67,73,62
28,75,75,5000000,44000,1,3,31,186,80,73,42,71,73,75,77,84,76,70,73,69
24,78,80,18000000,81000,1,2,23,182,77,75,56,81,79,81,80,71,65,77,76,59
32,74,74,3400000,9000,1,3,8,186,78,75,70,73,74,48,40,91,85,76,72,67
27,80,80,19500000,125000,3,3,23,182,75,76,65,64,73,64,65,64,84,51,74,80
28,76,76,7500000,38000,2,4,77,170,65,72,69,81,82,83,78,84,56,70,73,43
24,78,84,21000000,23000,1,3,2,175,70,76,41,71,75,87,85,93,73,77,75,73
27,75,75,6000000,16000,1,2,6,175,76,80,74,75,80,69,67,76,60,70,74,64
23,77,84,20000000,15000,1,4,6,191,77,73,62,70,70,69,63,82,90,68,75,76
29,69,69,1400000,13000,2,3,50,173,71,70,72,75,73,83,67,65,59,68,73,69
29,80,80,20500000,13000,2,5,10,170,63,83,68,82,83,69,61,82,60,80,83,53
23,73,79,4800000,35000,1,4,33,178,76,74,57,70,73,66,68,90,62,70,71,61
27,76,77,7500000,22000,1,5,26,178,72,77,61,71,76,68,67,90,68,73,74,75
29,79,79,15500000,49000,2,3,27,175,71,76,32,76,76,84,86,90,70,71,72,71
22,77,83,17000000,41000,2,4,25,177,67,80,63,76,80,74,39,83,63,67,78,73
27,77,78,12000000,55000,2,3,31,184,81,79,57,76,78,66,63,78,76,74,72,76
28,75,75,5500000,48000,1,2,15,178,72,72,64,78,75,84,84,78,75,75,67,69
29,78,78,12500000,77000,1,4,2,182,87,78,46,74,79,69,68,81,72,75,70,74
28,80,80,19000000,34000,2,3,18,175,73,76,63,76,71,79,78,92,72,66,75,75
24,74,81,8000000,17000,1,3,24,179,82,72,59,75,74,79,83,89,70,59,58,75
30,74,74,4000000,49000,1,3,24,180,62,77,60,65,74,60,54,87,67,68,68,60
32,75,75,4400000,22000,2,4,8,185,79,78,74,75,79,60,57,73,80,71,83,66
31,78,78,10000000,28000,2,4,14,185,75,76,51,74,77,67,53,78,74,61,78,77
31,79,79,11000000,33000,2,4,23,180,78,84,58,76,79,55,41,61,66,71,71,58
33,73,73,1500000,15000,1,4,10,184,76,76,63,72,73,64,72,68,78,70,72,72
23,82,89,56500000,130000,2,3,3,186,78,77,34,70,73,81,84,85,80,64,74,83
31,74,74,3000000,15000,1,3,8,173,73,77,60,72,76,61,55,66,68,70,70,70
26,79,80,21000000,20000,1,3,21,173,63,77,82,81,79,81,75,82,64,82,73,32
38,77,77,2200000,44000,2,4,5,169,72,84,69,77,81,54,36,51,64,65,80,65
26,78,79,15000000,85000,2,2,3,176,79,77,51,79,80,83,78,70,57,72,72,77
30,75,75,5500000,9000,1,3,6,171,71,81,65,74,77,73,70,79,70,71,71,69
35,81,81,11000000,50000,1,3,10,189,85,75,77,76,81,71,66,72,91,79,80,30
36,74,74,925000,850,2,2,25,185,81,77,50,69,75,62,67,68,70,62,72,72
23,80,84,30000000,82000,2,2,23,178,78,80,75,84,82,87,84,74,75,78,76,52
32,72,72,1600000,900,1,4,6,175,70,77,56,69,69,65,57,68,65,72,71,62
23,74,79,6000000,40000,1,3,43,172,68,72,48,74,73,85,79,73,62,70,71,69
25,75,80,8000000,12000,1,3,16,191,84,75,62,80,80,58,64,74,79,75,81,72
24,73,77,4000000,750,1,4,16,178,72,75,64,74,73,77,73,82,65,67,74,72
33,75,75,3500000,19000,3,3,25,194,85,78,68,66,80,34,37,82,90,83,75,72
29,76,76,6500000,63000,2,4,17,172,67,75,50,75,76,78,75,75,57,71,69,68
26,72,74,2700000,750,1,2,17,184,80,71,53,68,70,78,77,86,73,67,70,69
27,78,78,15000000,87000,2,4,22,181,78,82,70,81,80,68,67,74,62,77,79,58
21,79,79,19000000,12000,1,3,27,168,65,76,55,76,74,90,89,76,44,69,76,75
27,80,81,22000000,81000,2,3,22,177,69,75,42,81,79,81,83,84,67,72,79,75
25,81,85,36000000,64000,3,4,19,185,83,82,79,84,85,77,69,80,71,77,81,46
28,76,76,7000000,44000,2,3,3,185,78,75,46,73,75,74,76,72,66,69,70,74
25,82,84,35000000,100000,3,3,2,188,80,74,38,71,74,76,84,94,89,74,73,75
21,79,84,25000000,10000,2,2,5,176,65,80,61,76,80,85,84,86,68,71,75,74
26,78,82,17500000,47000,2,3,4,186,80,81,70,76,80,58,53,81,78,76,74,74
33,75,75,3500000,23000,2,3,8,172,72,78,66,75,78,55,60,67,59,77,78,66
33,73,73,1900000,9000,1,3,25,181,76,74,59,69,71,69,64,76,71,70,72,75
31,75,75,3900000,58000,2,3,8,174,78,76,56,72,76,65,65,67,60,68,75,70
30,78,78,12000000,16000,1,3,5,184,79,72,46,73,74,67,72,85,77,57,68,76
28,76,76,7000000,28000,2,2,18,171,65,73,40,76,78,79,85,75,59,71,66,66
23,70,77,3200000,9000,1,4,19,177,71,71,61,70,72,82,81,83,70,66,70,59
28,76,76,7500000,1000,1,4,8,179,76,72,64,77,77,89,87,83,74,72,70,65
24,73,78,4600000,34000,1,3,17,183,76,76,58,77,76,82,85,78,69,69,72,66
22,75,83,12500000,800,1,4,7,175,76,75,68,83,76,86,77,78,70,68,75,54
28,72,72,2400000,9000,1,3,8,170,65,70,81,73,72,79,81,77,45,66,69,53
21,75,82,11500000,21000,1,3,28,175,61,77,51,79,79,76,73,85,66,72,77,71
27,80,80,23000000,79000,1,3,21,177,79,67,72,81,81,90,87,84,76,81,72,23
24,77,80,14500000,100000,2,3,19,179,68,80,62,83,83,66,55,75,61,72,80,66
21,78,85,29000000,29000,2,3,11,180,72,79,76,81,79,82,77,74,72,81,77,45
33,71,71,1200000,4000,1,3,17,180,78,74,65,68,75,75,81,84,72,68,71,65
27,72,75,2700000,14000,1,3,6,175,68,73,44,70,70,73,64,84,56,56,69,65
23,74,81,8500000,21000,1,4,10,179,76,76,55,79,76,76,70,80,52,69,75,70
25,81,82,31000000,77000,3,3,11,175,70,74,74,83,80,92,93,76,54,82,75,42
23,76,81,10500000,58000,2,2,32,175,75,75,77,74,76,77,73,77,54,72,59,67
30,77,77,9000000,13000,2,3,34,186,80,80,54,74,79,63,68,65,78,70,77,80
28,77,78,10000000,50000,1,3,5,182,76,78,59,69,77,66,66,77,71,64,80,74
26,74,74,4200000,13000,1,2,5,184,76,74,56,64,68,77,82,86,81,67,71,72
32,72,72,2500000,8000,2,3,14,178,72,69,69,67,71,65,64,78,76,74,81,60
32,86,86,45000000,200000,4,3,5,189,76,87,44,81,86,40,43,78,72,77,90,84
28,77,77,9500000,29000,1,3,11,178,67,72,56,76,76,86,84,89,64,72,68,64
25,80,83,28000000,42000,2,4,7,175,70,75,68,80,81,89,89,82,64,79,78,33
28,73,73,3100000,1000,2,2,9,179,68,73,69,74,74,75,74,68,44,72,76,69
35,74,74,1300000,8000,2,5,21,172,75,74,53,74,77,68,68,62,67,73,82,80
25,84,87,56500000,155000,3,4,11,180,76,79,84,82,84,93,89,83,65,88,79,39
32,74,74,3300000,17000,2,4,19,182,76,78,67,77,79,69,63,64,67,74,75,55
32,74,74,3300000,14000,2,3,88,175,72,78,70,73,76,59,54,52,61,70,80,75
29,76,77,7000000,36000,2,3,5,188,84,72,61,66,71,57,59,71,78,62,74,74
23,82,86,43500000,75000,3,4,31,178,77,73,74,86,82,93,93,75,61,81,75,45
28,73,73,3000000,1000,1,3,8,172,75,71,59,72,71,76,79,81,59,75,59,59
31,72,72,1900000,13000,1,3,10,176,79,76,66,72,74,69,74,66,71,70,69,65
23,75,83,12500000,25000,1,5,8,179,73,79,51,73,77,74,75,88,67,63,60,60
35,80,80,6500000,26000,2,3,20,180,77,77,58,73,77,62,68,69,64,72,76,77
34,75,75,2100000,1000,1,3,14,181,68,70,61,71,69,80,75,74,69,68,68,70
26,73,75,3700000,34000,1,2,27,177,71,74,68,68,74,55,57,90,66,66,70,63
25,74,74,4100000,27000,1,4,8,177,72,76,53,71,69,72,74,82,71,63,67,73
27,76,77,8000000,23000,2,2,3,181,72,74,56,73,75,75,61,87,65,65,74,71
32,75,75,4600000,16000,2,4,10,173,70,72,75,77,78,82,85,70,63,77,76,43
26,73,73,3300000,12000,1,2,11,183,71,72,63,76,77,80,74,71,70,76,80,60
30,77,77,10500000,20000,1,2,19,178,73,74,73,75,73,89,90,81,67,82,78,39
27,77,78,11000000,30000,1,3,13,168,67,73,47,74,74,89,88,84,73,70,74,71
28,84,84,42500000,95000,2,3,10,183,74,92,76,85,91,61,59,75,64,76,78,58
23,74,81,8500000,900,1,4,20,176,71,76,67,76,76,75,67,76,62,72,74,62
28,76,76,7500000,27000,1,4,11,181,78,77,71,75,78,68,74,82,76,79,78,45
24,75,80,8500000,14000,1,4,8,183,73,78,62,72,76,65,67,83,67,73,78,76
27,78,79,16000000,26000,2,3,6,178,66,84,68,81,80,74,74,65,55,78,75,69
19,78,88,29000000,8000,1,4,25,176,70,71,54,72,75,82,88,81,69,72,75,73
33,81,81,16500000,45000,2,4,10,180,76,83,80,82,84,65,64,59,73,85,87,43
25,76,82,10500000,30000,1,3,16,179,75,77,49,74,76,73,71,83,82,68,72,70
25,79,82,23000000,16000,2,3,28,186,80,84,57,76,79,67,52,85,68,69,83,82
33,77,77,6500000,4000,2,3,4,176,75,84,61,68,79,64,40,69,65,75,73,67
22,75,84,12500000,11000,1,4,68,169,63,76,63,79,78,79,81,69,39,73,78,64
29,82,82,29500000,120000,3,5,24,181,76,89,80,77,90,63,62,59,52,74,87,59
34,74,74,1900000,21000,2,3,5,183,79,79,67,68,75,51,46,77,71,65,76,70
21,74,74,4400000,16000,1,3,8,179,76,76,71,64,70,70,74,78,70,70,69,81
32,73,73,2600000,22000,2,3,20,185,83,73,65,71,70,67,75,73,75,64,74,73
29,68,68,1200000,14000,1,4,7,180,77,68,69,70,69,75,79,81,81,61,64,57
24,75,81,9000000,23000,1,3,21,180,76,74,65,78,75,85,79,72,66,72,75,72
31,75,75,4700000,10000,1,3,7,178,76,67,62,79,75,77,77,84,76,76,67,42
28,73,73,2800000,1000,1,2,2,176,73,73,44,73,71,75,73,74,70,67,73,69
31,76,76,6000000,76000,2,3,11,175,74,74,72,77,77,72,68,75,60,72,70,69
31,72,72,1900000,9000,1,4,13,176,72,73,64,72,75,78,78,79,68,75,73,59
26,73,75,3500000,13000,1,3,24,183,79,69,59,70,72,69,74,82,68,65,68,66
25,83,86,44500000,85000,3,3,21,184,79,74,46,65,76,77,77,76,77,62,76,85
26,82,85,35500000,62000,1,3,22,185,76,78,41,66,75,73,79,77,81,64,79,83
26,75,76,6000000,38000,1,3,23,176,73,73,49,76,74,83,82,90,71,74,68,72
21,87,91,116500000,150000,3,3,25,180,76,87,83,92,90,85,78,77,68,83,86,32
27,79,80,20500000,36000,1,5,9,172,81,71,79,79,77,77,84,78,84,77,72,38
29,75,75,5500000,48000,1,3,8,182,72,78,51,72,78,55,66,83,75,66,83,75
25,73,76,4000000,23000,1,3,14,170,65,68,73,73,70,91,86,75,57,76,73,48
32,83,83,29000000,17000,3,2,10,177,77,81,82,84,85,81,80,69,70,84,83,31
32,76,76,5000000,20000,1,3,10,182,67,74,63,69,72,74,76,92,68,65,80,74
31,79,79,12500000,1000,1,3,6,181,80,80,56,64,73,68,63,82,76,60,81,79
30,75,75,5500000,12000,1,4,10,180,72,73,58,71,77,83,86,80,70,73,69,45
23,73,81,6500000,15000,1,3,78,181,77,77,60,76,76,79,83,84,78,63,80,64
28,74,74,3800000,1000,1,3,16,176,75,74,48,80,75,78,81,72,71,68,68,68
30,76,76,7000000,31000,2,2,17,179,74,72,69,74,77,73,79,71,67,75,70,47
34,77,77,3900000,29000,2,3,28,189,82,70,57,69,69,64,79,82,81,66,70,74
31,77,77,7500000,55000,2,4,5,188,77,75,44,69,75,67,69,90,83,66,79,75
23,83,87,48500000,115000,2,2,29,183,72,76,43,80,76,82,88,81,72,70,76,78
34,73,73,1100000,1000,1,3,3,182,81,73,56,72,72,72,76,72,75,77,71,70
29,74,74,3700000,34000,2,2,21,181,78,74,54,71,74,68,71,71,73,63,67,73
30,82,82,30000000,70000,2,4,9,179,79,80,78,88,83,87,90,73,72,83,82,26
30,75,75,4700000,8000,1,3,8,175,73,75,66,73,75,75,69,79,74,63,70,72
23,76,82,11000000,15000,1,3,20,174,66,75,50,74,74,76,75,83,73,70,71,75
29,79,79,15500000,53000,2,3,2,178,72,75,43,74,77,76,78,80,67,70,76,77
25,77,77,12000000,37000,1,4,30,180,75,85,63,84,85,85,79,75,74,82,78,50
